[

	{
		"model": "OGRgeoConverter.OgrFormat",
		"pk": 1,
		"fields": {
			"name": "AutoCAD DXF",
			"ogr_name": "DXF",
			"file_extension": "dxf",
			"output_type": "file",
			"state_all_files": 0,
			"is_export_format": 1
		}
	},
	
	{
		"model": "OGRgeoConverter.OgrFormat",
		"pk": 2,
		"fields": {
			"name": "Comma Separated Value (CSV)",
			"ogr_name": "CSV",
			"file_extension": "csv",
			"output_type": "file",
			"state_all_files": 0,
			"is_export_format": 1
		}
	},
	
	{
		"model": "OGRgeoConverter.OgrFormat",
		"pk": 3,
		"fields": {
			"name": "ESRI File Geodatabase (FileGDB)",
			"ogr_name": "FileGDB",
			"file_extension": "gdb",
			"output_type": "file",
			"state_all_files": 0,
			"is_export_format": 1
		}
	},
	
	{
		"model": "OGRgeoConverter.OgrFormat",
		"pk": 4,
		"fields": {
			"name": "ESRI Personal GeoDatabase",
			"ogr_name": "PGeo",
			"file_extension": "mdb",
			"output_type": "file",
			"state_all_files": 0,
			"is_export_format": 1
		}
	},
	
	{
		"model": "OGRgeoConverter.OgrFormat",
		"pk": 5,
		"fields": {
			"name": "ESRI Shapefile",
			"ogr_name": "ESRI Shapefile",
			"file_extension": "shp",
			"output_type": "folder",
			"state_all_files": 0,
			"is_export_format": 1
		}
	},
	{
		"model": "OGRgeoConverter.AdditionalOgrFormat",
		"pk": 1,
		"fields": {
		    "ogr_format": 5,
		    "file_extension": "dbf",
		    "required": 1,
		    "multiple": 0,
		    "order": 1
	  }
  },
  {
		"model": "OGRgeoConverter.AdditionalOgrFormat",
		"pk": 2,
		"fields": {
		    "ogr_format": 5,
		    "file_extension": "shx",
		    "required": 1,
		    "multiple": 0,
		    "order": 2
		}
  },
  {
		"model": "OGRgeoConverter.AdditionalOgrFormat",
		"pk": 3,
		"fields": {
		    "ogr_format": 5,
		    "file_extension": "cpg",
		    "required": 0,
		    "multiple": 0,
		    "order": 3
		}
  },
  {
		"model": "OGRgeoConverter.AdditionalOgrFormat",
		"pk": 4,
		"fields": {
		    "ogr_format": 5,
		    "file_extension": "prj",
		    "required": 0,
		    "multiple": 0,
		    "order": 4
		}
  },
  {
		"model": "OGRgeoConverter.AdditionalOgrFormat",
		"pk": 5,
		"fields": {
		    "ogr_format": 5,
		    "file_extension": "sbn",
		    "required": 0,
		    "multiple": 0,
		    "order": 5
		}
  },
  {
		"model": "OGRgeoConverter.AdditionalOgrFormat",
		"pk": 6,
		"fields": {
		    "ogr_format": 5,
		    "file_extension": "sbx",
		    "required": 0,
		    "multiple": 0,
		    "order": 6
		}
  },
  {
		"model": "OGRgeoConverter.AdditionalOgrFormat",
		"pk": 7,
		"fields": {
		    "ogr_format": 5,
		    "file_extension": "qpj",
		    "required": 0,
		    "multiple": 0,
		    "order": 7
		}
  },
  {
		"model": "OGRgeoConverter.OgrFormatShellParameter",
		"pk": 1,
		"fields": {
		    "ogr_format": 5,
		    "prefix": "-",
		    "parameter_name": "lco",
		    "parameter_value": "RESIZE=YES",
		    "value_quotation_marks": 0,
		    "use_for_reading": 0,
		    "use_for_writing": 1,
		    "order": null
		}
	},
	
	{
		"model": "OGRgeoConverter.OgrFormat",
		"pk": 6,
		"fields": {
			"name": "GeoJSON",
			"ogr_name": "GeoJSON",
			"file_extension": "geojson",
			"output_type": "file",
			"state_all_files": 0,
			"is_export_format": 1
		}
	},
	
	{
		"model": "OGRgeoConverter.OgrFormat",
		"pk": 7,
		"fields": {
			"name": "GeoRSS",
			"ogr_name": "GeoRSS",
			"file_extension": "rss",
			"output_type": "file",
			"state_all_files": 0,
			"is_export_format": 1
		}
	},
	{
		"model": "OGRgeoConverter.OgrFormatShellParameter",
		"pk": 2,
		"fields": {
		    "ogr_format": 7,
		    "prefix": "-",
		    "parameter_name": "dsco",
		    "parameter_value": "USE_EXTENSIONS=YES",
		    "value_quotation_marks": 0,
		    "use_for_reading": 0,
		    "use_for_writing": 1,
		    "order": null
		}
	},
	
	{
		"model": "OGRgeoConverter.OgrFormat",
		"pk": 8,
		"fields": {
			"name": "Geospatial PDF",
			"ogr_name": "PDF",
			"file_extension": "pdf",
			"output_type": "file",
			"state_all_files": 0,
			"is_export_format": 1
		}
	},
	
	{
		"model": "OGRgeoConverter.OgrFormat",
		"pk": 9,
		"fields": {
			"name": "Geography Markup Language 2 (GML)",
			"ogr_name": "GML",
			"file_extension": "gml",
			"output_type": "file",
			"state_all_files": 0,
			"is_export_format": 1
		}
	},
	{
		"model": "OGRgeoConverter.AdditionalOgrFormat",
		"pk": 8,
		"fields": {
		    "ogr_format": 9,
		    "file_extension": "xsd",
		    "required": 0,
		    "multiple": 0,
		    "order": null
		}
  },
  {
		"model": "OGRgeoConverter.AdditionalOgrFormat",
		"pk": 9,
		"fields": {
		    "ogr_format": 9,
		    "file_extension": "gfs",
		    "required": 0,
		    "multiple": 0,
		    "order": null
		}
  },
    
  {
		"model": "OGRgeoConverter.OgrFormat",
		"pk": 10,
		"fields": {
			"name": "Geography Markup Language 3.2.1 (GML)",
			"ogr_name": "GML",
			"file_extension": "gml",
			"output_type": "file",
			"state_all_files": 0,
			"is_export_format": 1
		}
	},
	{
		"model": "OGRgeoConverter.AdditionalOgrFormat",
		"pk": 10,
		"fields": {
		    "ogr_format": 10,
		    "file_extension": "xsd",
		    "required": 0,
		    "multiple": 0,
		    "order": null
		}
  },
  {
		"model": "OGRgeoConverter.AdditionalOgrFormat",
		"pk": 11,
		"fields": {
		    "ogr_format": 10,
		    "file_extension": "gfs",
		    "required": 0,
		    "multiple": 0,
		    "order": null
		}
  },
	{
		"model": "OGRgeoConverter.OgrFormatShellParameter",
		"pk": 3,
		"fields": {
		    "ogr_format": 10,
		    "prefix": "-",
		    "parameter_name": "dsco",
		    "parameter_value": "FORMAT=GML3.2",
		    "value_quotation_marks": 0,
		    "use_for_reading": 0,
		    "use_for_writing": 1,
		    "order": null
		}
	},
	
	{
		"model": "OGRgeoConverter.OgrFormat",
		"pk": 11,
		"fields": {
			"name": "GPS Exchange Format (GPX)",
			"ogr_name": "GPX",
			"file_extension": "gpx",
			"output_type": "file",
			"state_all_files": 0,
			"is_export_format": 1
		}
	},
	{
		"model": "OGRgeoConverter.OgrFormatShellParameter",
		"pk": 4,
		"fields": {
		    "ogr_format": 11,
		    "prefix": "-",
		    "parameter_name": "dsco",
		    "parameter_value": "GPX_USE_EXTENSIONS=YES",
		    "value_quotation_marks": 0,
		    "use_for_reading": 0,
		    "use_for_writing": 1,
		    "order": null
		}
	},

	{
		"model": "OGRgeoConverter.OgrFormat",
		"pk": 12,
		"fields": {
		    "name": "INTERLIS 1",
		    "ogr_name": "Interlis 1",
		    "file_extension": "itf",
		    "output_type": "file",
		    "state_all_files": 1,
			"is_export_format": 1
		}
  },
  {
		"model": "OGRgeoConverter.AdditionalOgrFormat",
		"pk": 12,
		"fields": {
		    "ogr_format": 12,
		    "file_extension": "ili",
		    "required": 0,
		    "multiple": 0,
		    "order": null
		}
	},

	{
		"model": "OGRgeoConverter.OgrFormat",
		"pk": 13,
		"fields": {
		    "name": "INTERLIS 2",
		    "ogr_name": "Interlis 2",
		    "file_extension": "xml",
		    "output_type": "file",
		    "state_all_files": 1,
			"is_export_format": 0
		}
  },
  {
		"model": "OGRgeoConverter.AdditionalOgrFormat",
		"pk": 13,
		"fields": {
		    "ogr_format": 13,
		    "file_extension": "ili",
		    "required": 0,
		    "multiple": 1,
		    "order": null
		}
	},
	
	{
		"model": "OGRgeoConverter.OgrFormat",
  		"pk": 14,
  		"fields": {
		    "name": "Keyhole Markup Language (KML)",
		    "ogr_name": "LIBKML",
		    "file_extension": "kml",
		    "output_type": "file",
		    "state_all_files": 0,
			"is_export_format": 1
		}
	},
	
	{
		"model": "OGRgeoConverter.OgrFormat",
  		"pk": 15,
  		"fields": {
		    "name": "MapInfo Interchange Format (MIF/MID)",
		    "ogr_name": "MapInfo File",
		    "file_extension": "mif",
		    "output_type": "file",
		    "state_all_files": 0,
			"is_export_format": 1
		}
	},
	{
		"model": "OGRgeoConverter.AdditionalOgrFormat",
		"pk": 14,
		"fields": {
		    "ogr_format": 15,
		    "file_extension": "mid",
		    "required": 1,
		    "multiple": 0,
		    "order": null
		}
	},
	{
		"model": "OGRgeoConverter.OgrFormatShellParameter",
		"pk": 5,
		"fields": {
		    "ogr_format": 15,
		    "prefix": "-",
		    "parameter_name": "dsco",
		    "parameter_value": "FORMAT=MIF",
		    "value_quotation_marks": 0,
		    "use_for_reading": 0,
		    "use_for_writing": 1,
		    "order": null
		}
	},
	
	{
		"model": "OGRgeoConverter.OgrFormat",
  		"pk": 16,
  		"fields": {
		    "name": "MapInfo TAB format",
		    "ogr_name": "MapInfo File",
		    "file_extension": "tab",
		    "output_type": "file",
		    "state_all_files": 0,
			"is_export_format": 1
		}
	},
	{
		"model": "OGRgeoConverter.AdditionalOgrFormat",
		"pk": 15,
		"fields": {
		    "ogr_format": 16,
		    "file_extension": "dat",
		    "required": 0,
		    "multiple": 0,
		    "order": 1
		}
	},
	{
		"model": "OGRgeoConverter.AdditionalOgrFormat",
		"pk": 16,
		"fields": {
		    "ogr_format": 16,
		    "file_extension": "id",
		    "required": 0,
		    "multiple": 0,
		    "order": 2
		}
	},
	{
		"model": "OGRgeoConverter.AdditionalOgrFormat",
		"pk": 17,
		"fields": {
		    "ogr_format": 16,
		    "file_extension": "map",
		    "required": 0,
		    "multiple": 0,
		    "order": 3
		}
	},
	
	{
		"model": "OGRgeoConverter.OgrFormat",
  		"pk": 17,
  		"fields": {
		    "name": "Microstation DGN",
		    "ogr_name": "DGN",
		    "file_extension": "dgn",
		    "output_type": "file",
		    "state_all_files": 0,
			"is_export_format": 1
		}
	},
	{
		"model": "OGRgeoConverter.OgrFormatShellParameter",
		"pk": 6,
		"fields": {
		    "ogr_format": 17,
		    "prefix": "-",
		    "parameter_name": "select",
		    "parameter_value": "\"\"",
		    "value_quotation_marks": 0,
		    "use_for_reading": 1,
		    "use_for_writing": 0,
		    "order": null
		}
	},
	
	{
		"model": "OGRgeoConverter.OgrFormat",
  		"pk": 18,
  		"fields": {
		    "name": "OpenStreetMap (OSM, XML based)",
		    "ogr_name": "OSM",
		    "file_extension": "osm",
		    "output_type": "file",
		    "state_all_files": 0,
			"is_export_format": 1
		}
	},
	{
		"model": "OGRgeoConverter.OgrFormatShellParameter",
		"pk": 7,
		"fields": {
		    "ogr_format": 18,
		    "prefix": "--",
		    "parameter_name": "config",
		    "parameter_value": "OSM_USE_CUSTOM_INDEXING NO",
		    "value_quotation_marks": 0,
		    "use_for_reading": 1,
		    "use_for_writing": 0,
		    "order": null
		}
	},
	{
		"model": "OGRgeoConverter.OgrFormatShellParameter",
		"pk": 8,
		"fields": {
		    "ogr_format": 18,
		    "prefix": "--",
		    "parameter_name": "config",
		    "parameter_value": "OGR_INTERLEAVED_READING NO",
		    "value_quotation_marks": 0,
		    "use_for_reading": 0,
		    "use_for_writing": 0,
		    "order": null
		}
	},
	
	{
		"model": "OGRgeoConverter.OgrFormat",
  		"pk": 19,
  		"fields": {
		    "name": "OpenStreetMap (PBF, optimized binary)",
		    "ogr_name": "OSM",
		    "file_extension": "pbf",
		    "output_type": "file",
		    "state_all_files": 0,
			"is_export_format": 1
		}
	},
	{
		"model": "OGRgeoConverter.OgrFormatShellParameter",
		"pk": 9,
		"fields": {
		    "ogr_format": 19,
		    "prefix": "--",
		    "parameter_name": "config",
		    "parameter_value": "OSM_USE_CUSTOM_INDEXING NO",
		    "value_quotation_marks": 0,
		    "use_for_reading": 1,
		    "use_for_writing": 0,
		    "order": null
		}
	},
	{
		"model": "OGRgeoConverter.OgrFormatShellParameter",
		"pk": 10,
		"fields": {
		    "ogr_format": 19,
		    "prefix": "--",
		    "parameter_name": "config",
		    "parameter_value": "OGR_INTERLEAVED_READING NO",
		    "value_quotation_marks": 0,
		    "use_for_reading": 1,
		    "use_for_writing": 0,
		    "order": null
		}
	},
	
	{
		"model": "OGRgeoConverter.OgrFormat",
  		"pk": 20,
  		"fields": {
		    "name": "SQLite",
		    "ogr_name": "SQLite",
		    "file_extension": "sqlite",
		    "output_type": "file",
		    "state_all_files": 0,
			"is_export_format": 1
		}
	},
	
	{
		"model": "OGRgeoConverter.OgrFormat",
  		"pk": 21,
  		"fields": {
		    "name": "SQLite + SpatiaLite",
		    "ogr_name": "SQLite",
		    "file_extension": "sqlite",
		    "output_type": "file",
		    "state_all_files": 0,
			"is_export_format": 1
		}
	},
	{
		"model": "OGRgeoConverter.OgrFormatShellParameter",
		"pk": 11,
		"fields": {
		    "ogr_format": 21,
		    "prefix": "-",
		    "parameter_name": "dsco",
		    "parameter_value": "SPATIALITE=YES",
		    "value_quotation_marks": 0,
		    "use_for_reading": 0,
		    "use_for_writing": 1,
		    "order": null
		}
	}
	
]